{
  "Total" : {
    "transaction" : "Total",
    "sampleCount" : 1000,
    "errorCount" : 1000,
    "errorPct" : 100.0,
    "meanResTime" : 10474.812999999993,
    "medianResTime" : 9901.0,
    "minResTime" : 1666.0,
    "maxResTime" : 16782.0,
    "pct1ResTime" : 15798.8,
    "pct2ResTime" : 15933.95,
    "pct3ResTime" : 16400.84,
    "throughput" : 59.301429164442865,
    "receivedKBytesPerSec" : 99.00692112539288,
    "sentKBytesPerSec" : 9.524828767123289
  },
  "Warm-up: Search Flights" : {
    "transaction" : "Warm-up: Search Flights",
    "sampleCount" : 1000,
    "errorCount" : 1000,
    "errorPct" : 100.0,
    "meanResTime" : 10474.812999999993,
    "medianResTime" : 9901.0,
    "minResTime" : 1666.0,
    "maxResTime" : 16782.0,
    "pct1ResTime" : 15798.8,
    "pct2ResTime" : 15933.95,
    "pct3ResTime" : 16400.84,
    "throughput" : 59.301429164442865,
    "receivedKBytesPerSec" : 99.00692112539288,
    "sentKBytesPerSec" : 9.524828767123289
  }
}